Ngày,Chưa lập chỉ mục,Được lập chỉ mục,Lượt hiển thị
2026-01-15,,,1
2026-01-16,,,2
2026-01-17,214,1,1
2026-01-18,219,1,2
2026-01-19,219,1,2
2026-01-20,219,1,0
2026-01-21,213,1,6
2026-01-22,213,1,8
2026-01-23,213,1,2
2026-01-24,213,1,1
2026-01-25,222,1,0
2026-01-26,222,1,8
2026-01-27,222,1,1
2026-01-28,224,1,3
2026-01-29,224,1,2
2026-01-30,224,1,2
2026-01-31,224,1,1
2026-02-01,223,1,1
2026-02-02,223,1,1
2026-02-03,223,1,0
2026-02-04,227,1,5
2026-02-05,227,1,8
2026-02-06,227,1,4
2026-02-07,227,1,1
2026-02-08,225,1,0
2026-02-09,225,1,5
2026-02-10,225,1,6
2026-02-11,225,1,2
2026-02-12,225,1,2
2026-02-13,225,1,1
2026-02-14,225,1,1
2026-02-15,233,1,1
2026-02-16,233,1,1
2026-02-17,233,1,0
2026-02-18,243,1,1
2026-02-19,243,1,0
2026-02-20,243,1,1
2026-02-21,243,1,0
2026-02-22,249,1,1
2026-02-23,249,1,3
2026-02-24,249,1,0
2026-02-25,4069,1,1
2026-02-26,4069,1,2
2026-02-27,4069,1,1
2026-02-28,4069,1,9
2026-03-01,4069,1,2
2026-03-02,4069,1,1
2026-03-03,4069,1,3
2026-03-04,6786,1,4
2026-03-05,6786,1,6
2026-03-06,6786,1,4
2026-03-07,6786,1,2
2026-03-08,266,1,6
2026-03-09,266,1,4
2026-03-10,266,1,1
2026-03-11,280,1,1
2026-03-12,280,1,2
2026-03-13,280,1,1
2026-03-14,280,1,2
2026-03-15,280,1,1
2026-03-16,279,1,5
2026-03-17,279,1,3
2026-03-18,285,1,4
2026-03-19,285,1,4
2026-03-20,285,1,0
2026-03-21,285,1,0
2026-03-22,286,1,0
2026-03-23,286,1,3
2026-03-24,286,1,2
2026-03-25,303,1,3
2026-03-26,303,1,2
2026-03-27,303,1,4
2026-03-28,303,1,2
2026-03-29,304,1,7
2026-03-30,304,1,1
2026-03-31,304,1,2
2026-04-01,310,1,2
2026-04-02,310,1,0
2026-04-03,310,1,3
2026-04-04,310,1,1
2026-04-05,320,1,3
2026-04-06,320,1,1
2026-04-07,319,1,1
2026-04-08,319,1,2
2026-04-09,319,1,1
2026-04-10,319,1,2